{
  "book": "Genesis",
  "nodes": 1687,
  "edges": 1054,
  "density": 0.000741,
  "generated_at": 1762623646.7819622
}
